{
	"pages": [	
		{
			"path": "pages/index/index",
			"style": { 
				"navigationBarTitleText": "快播社",
				"onReachBottomDistance": 150,
				"app-plus":{ 
					"titleNView":false
				}		
			}	
		},		
		{
			"path": "pages/gccm/index",
			"style": { 
				"navigationBarTitleText": "国产传媒",
				"onReachBottomDistance": 150,
				"app-plus":{ 
					"titleNView":false
				}		
			}	
		},			
		{
			"path": "pages/gcsp/index",
			"style": { 
				"navigationBarTitleText": "国产视频",
				"onReachBottomDistance": 150,
				"app-plus":{ 
					"titleNView":false
				}		
			}	
		},						
		{
			"path": "pages/rb/index",
			"style": { 
				"navigationBarTitleText": "日本视频",
				"onReachBottomDistance": 150,
				"app-plus":{ 
					"titleNView":false
				}		
			}	
		},		
		{
			"path": "pages/search/index",
			"style": {
				"navigationBarTitleText": "影片搜索",
				"onReachBottomDistance": 150,
				"app-plus":{ 
					"titleNView":false
				}						
			}
		},
		{
			"path": "pages/play/index",
			"style": {
				"navigationBarTitleText": "快播社",
				"app-plus":{ 
					"titleNView":false
				}						
			}
		}	
	],
	"globalStyle": {
		"navigationBarTextStyle": "black",
		"navigationBarTitleText": "uni-app",
		"navigationBarBackgroundColor": "#F8F8F8",
		"backgroundColor": "#F8F8F8"
	},
	"uniIdRouter": {},
	"tabBar": {
		"spacing":0,
		"iconWidth":"34px",
		"fontSize":"13px",
		"height":"60px",
		"color": "#7c8c9d",
		"selectedColor": "#efa73b",
		"borderStyle": "black",
		"backgroundColor": "#0e0e0e",
		"list": [
			{
				"pagePath": "pages/index/index",
				"iconPath": "static/tabBar/yyb.png",
				"selectedIconPath": "static/tabBar/yyb.png",
				 "text": "应用宝" 
			},{
				"pagePath": "pages/gccm/index",
				"iconPath": "static/tabBar/gc.png",
				"selectedIconPath": "static/tabBar/gc.png",
				"text": "国产传媒"
			}, 
			{
			 "pagePath": "pages/rb/index",
			 "iconPath": "static/tabBar/rb.png",
			 "selectedIconPath": "static/tabBar/rb.png",				
			 "text": "日本视频"
		 	},{
				"pagePath": "pages/gcsp/index",
				"iconPath": "static/tabBar/gcyc.png",
				"selectedIconPath": "static/tabBar/gcyc.png",		
				"text": "国产视频"
			}
		]
	}	
}
